"edge","edge_name","coef","pos_rank","neg_rank"
"x26_52","SPG_L -- MOG_L",-0.0947233017979277,"101","101"
"x50_82","SOG_L -- Thal_L",-0.08337434771932642,"101","101"
"x36_38","STG_L_pole -- MTG_L",-0.08287656739780479,"101","101"
"x40_42","MTG_L_pole -- ITG_L",-0.07129824284927101,"101","101"
"x34_50","STG_L -- SOG_L",-0.06791893775374314,"101","101"
"x50_185","SOG_L -- PSMG_L",-0.06440927908119515,"101","101"
"x42_58","ITG_L -- LG_L",-0.06198596824002386,"101","101"
"x0_24","SFG_L -- PrCG_L",-0.060556822299918385,"101","101"
"x0_26","SFG_L -- SPG_L",-0.06040588941816391,"101","101"
"x34_183","STG_L -- PSTG_L",-0.05792649876836201,"101","101"
"x42_185","ITG_L -- PSMG_L",-0.05692258858319146,"101","101"
"x50_187","SOG_L -- PSIG_L",-0.05387908818614367,"101","101"
"x24_34","PrCG_L -- STG_L",-0.05227543836593134,"101","101"
"x0_22","SFG_L -- PoCG_L",-0.04973207601150295,"101","101"
"x6_26","MFG_L -- SPG_L",-0.049349930995637344,"101","101"
"x52_82","MOG_L -- Thal_L",-0.04882719068470601,"101","101"
"x183_185","PSTG_L -- PSMG_L",-0.048590177965436195,"101","101"
"x6_24","MFG_L -- PrCG_L",-0.04613099667667104,"101","101"
"x36_42","STG_L_pole -- ITG_L",-0.04426628260374791,"101","101"
"x26_66","SPG_L -- dorsal_ACC_L",-0.043291575190350276,"101","101"
"x34_36","STG_L -- STG_L_pole",-0.043253273356203055,"101","101"
"x32_52","PrCu_L -- MOG_L",-0.04316147339526336,"101","101"
"x42_50","ITG_L -- SOG_L",-0.042486516128777484,"101","101"
"x68_185","PCC_L -- PSMG_L",-0.04221642948390446,"101","101"
"x42_52","ITG_L -- MOG_L",-0.0413205180781392,"101","101"
"x26_183","SPG_L -- PSTG_L",-0.04014201576789454,"101","101"
"x78_82","Put_L -- Thal_L",-0.03928733364035533,"101","101"
"x26_185","SPG_L -- PSMG_L",-0.039235985989723686,"101","101"
"x50_183","SOG_L -- PSTG_L",-0.03904781092943454,"101","101"
"x52_187","MOG_L -- PSIG_L",-0.03883485095724694,"101","101"
"x82_185","Thal_L -- PSMG_L",-0.037092117486266785,"101","101"
"x58_82","LG_L -- Thal_L",-0.03609205414976443,"101","101"
"x52_185","MOG_L -- PSMG_L",-0.03206887260527409,"101","101"
"x38_80","MTG_L -- GP_L",-0.031052367306899212,"101","101"
"x32_82","PrCu_L -- Thal_L",-0.031009241517073877,"101","101"
"x58_183","LG_L -- PSTG_L",-0.029600229042414265,"101","101"
"x42_54","ITG_L -- IOG_L",-0.02958059018788574,"101","101"
"x28_82","SMG_L -- Thal_L",-0.028645329490707798,"101","101"
"x56_82","Cu_L -- Thal_L",-0.02737657572066926,"101","101"
"x42_68","ITG_L -- PCC_L",-0.026893564586799815,"101","101"
"x22_34","PoCG_L -- STG_L",-0.02673713141429582,"101","101"
"x24_78","PrCG_L -- Put_L",-0.026435101568477025,"101","101"
"x38_50","MTG_L -- SOG_L",-0.026364013528979033,"101","101"
"x26_50","SPG_L -- SOG_L",-0.02533781621529586,"101","101"
"x26_42","SPG_L -- ITG_L",-0.025309130118584565,"101","101"
"x0_32","SFG_L -- PrCu_L",-0.024698384078307153,"101","101"
"x6_82","MFG_L -- Thal_L",-0.024472160673735744,"101","101"
"x68_187","PCC_L -- PSIG_L",-0.02403675888514346,"101","101"
"x34_80","STG_L -- GP_L",-0.023558257935739974,"101","101"
"x28_34","SMG_L -- STG_L",-0.022511760009270406,"101","101"
"x26_78","SPG_L -- Put_L",-0.02158156822846876,"101","101"
"x80_82","GP_L -- Thal_L",-0.02080564950758834,"101","101"
"x24_82","PrCG_L -- Thal_L",-0.02043929961389509,"101","101"
"x54_82","IOG_L -- Thal_L",-0.020130424844067067,"101","101"
"x20_76","RG_L -- Caud_L",-0.01947446715808929,"101","101"
"x24_26","PrCG_L -- SPG_L",-0.019074633161992663,"101","101"
"x28_78","SMG_L -- Put_L",-0.016976402409841006,"101","101"
"x6_22","MFG_L -- PoCG_L",-0.016514310243473166,"101","101"
"x26_187","SPG_L -- PSIG_L",-0.016402555076807684,"101","101"
"x54_58","IOG_L -- LG_L",-0.015961686433375744,"101","101"
"x0_82","SFG_L -- Thal_L",-0.015787803155627233,"101","101"
"x82_187","Thal_L -- PSIG_L",-0.015237823680700468,"101","101"
"x34_68","STG_L -- PCC_L",-0.014817221846357897,"101","101"
"x36_80","STG_L_pole -- GP_L",-0.014733740644101616,"101","101"
"x40_187","MTG_L_pole -- PSIG_L",-0.014471526255479207,"101","101"
"x48_82","FuG_L -- Thal_L",-0.014401435460354007,"101","101"
"x24_70","PrCG_L -- Ins_L",-0.014135056318785515,"101","101"
"x0_6","SFG_L -- MFG_L",-0.013955626418609621,"101","101"
"x42_80","ITG_L -- GP_L",-0.013930428289183538,"101","101"
"x36_58","STG_L_pole -- LG_L",-0.013846741656583514,"101","101"
"x36_82","STG_L_pole -- Thal_L",-0.013653573909953032,"101","101"
"x38_72","MTG_L -- Amyg_L",-0.013429001581365323,"101","101"
"x50_54","SOG_L -- IOG_L",-0.013378008799730336,"101","101"
"x32_187","PrCu_L -- PSIG_L",-0.013328953955121032,"101","101"
"x26_34","SPG_L -- STG_L",-0.01318072144097891,"101","101"
"x28_30","SMG_L -- AG_L",-0.012892159180918652,"101","101"
"x48_74","FuG_L -- Hippo_L",-0.01235103056210484,"101","101"
"x28_185","SMG_L -- PSMG_L",-0.012260542973505033,"101","101"
"x34_72","STG_L -- Amyg_L",-0.012189575807037145,"101","101"
"x22_78","PoCG_L -- Put_L",-0.012159083361651014,"101","101"
"x34_56","STG_L -- Cu_L",-0.011433920210400593,"101","101"
"x26_48","SPG_L -- FuG_L",-0.011255933330160131,"101","101"
"x12_42","IFG_orbitalis_L -- ITG_L",-0.011203229093532652,"101","101"
"x28_183","SMG_L -- PSTG_L",-0.010922633423357768,"101","101"
"x12_181","IFG_orbitalis_L -- PIns_L",-0.010908004341382664,"101","101"
"x34_187","STG_L -- PSIG_L",-0.01083946822021949,"101","101"
"x12_34","IFG_orbitalis_L -- STG_L",-0.010652193003727358,"101","101"
"x40_72","MTG_L_pole -- Amyg_L",-0.01061184012763755,"101","101"
"x26_54","SPG_L -- IOG_L",-0.01048171610704928,"101","101"
"x32_185","PrCu_L -- PSMG_L",-0.010400572042925228,"101","101"
"x24_66","PrCG_L -- dorsal_ACC_L",-0.009943487565507487,"101","101"
"x78_181","Put_L -- PIns_L",-0.00952128062444285,"101","101"
"x68_183","PCC_L -- PSTG_L",-0.009435682233584547,"101","101"
"x34_40","STG_L -- MTG_L_pole",-0.009180210494904625,"101","101"
"x42_82","ITG_L -- Thal_L",-0.00906606025474786,"101","101"
"x40_54","MTG_L_pole -- IOG_L",-0.009048502392466852,"101","101"
"x38_68","MTG_L -- PCC_L",-0.008720852575714795,"101","101"
"x28_32","SMG_L -- PrCu_L",-0.008646432368809473,"101","101"
"x34_82","STG_L -- Thal_L",-0.008459125504719623,"101","101"
"x28_181","SMG_L -- PIns_L",-0.008392411951965661,"101","101"
"x32_42","PrCu_L -- ITG_L",-0.00807709410673117,"101","101"
"x26_38","SPG_L -- MTG_L",-0.008064308365897421,"101","101"
"x34_74","STG_L -- Hippo_L",-0.007997204639656377,"101","101"
"x38_82","MTG_L -- Thal_L",-0.007949918161823633,"101","101"
"x0_78","SFG_L -- Put_L",-0.00791204087304154,"101","101"
"x32_34","PrCu_L -- STG_L",-0.007814246124293694,"101","101"
"x56_187","Cu_L -- PSIG_L",-0.007732824617779409,"101","101"
"x32_54","PrCu_L -- IOG_L",-0.007514079891186924,"101","101"
"x14_24","IFG_triangularis_L -- PrCG_L",-0.007362596390483402,"101","101"
"x14_181","IFG_triangularis_L -- PIns_L",-0.007180942304036557,"101","101"
"x54_183","IOG_L -- PSTG_L",-0.007032554662749059,"101","101"
"x40_58","MTG_L_pole -- LG_L",-0.007008975118897829,"101","101"
"x46_72","ENT_L -- Amyg_L",-0.006837239485611991,"101","101"
"x32_183","PrCu_L -- PSTG_L",-0.006685753709150215,"101","101"
"x48_185","FuG_L -- PSMG_L",-0.006642929004797916,"101","101"
"x40_50","MTG_L_pole -- SOG_L",-0.00659382493575299,"101","101"
"x32_48","PrCu_L -- FuG_L",-0.006468436001016249,"101","101"
"x54_68","IOG_L -- PCC_L",-0.006345518176931543,"101","101"
"x6_32","MFG_L -- PrCu_L",-0.006323238404987406,"101","101"
"x40_82","MTG_L_pole -- Thal_L",-0.006290687785826068,"101","101"
"x0_68","SFG_L -- PCC_L",-0.00627093497631955,"101","101"
"x12_38","IFG_orbitalis_L -- MTG_L",-0.006242868791682941,"101","101"
"x48_50","FuG_L -- SOG_L",-0.006051884646743011,"101","101"
"x14_34","IFG_triangularis_L -- STG_L",-0.0056121106867151604,"101","101"
"x72_82","Amyg_L -- Thal_L",-0.005583800205913583,"101","101"
"x36_187","STG_L_pole -- PSIG_L",-0.0053947240185744615,"101","101"
"x26_56","SPG_L -- Cu_L",-0.00537636582590947,"101","101"
"x183_187","PSTG_L -- PSIG_L",-0.005361812476399626,"101","101"
"x36_54","STG_L_pole -- IOG_L",-0.005193104672522625,"101","101"
"x36_40","STG_L_pole -- MTG_L_pole",-0.0051616243638334626,"101","101"
"x12_74","IFG_orbitalis_L -- Hippo_L",-0.005132937309074162,"101","101"
"x40_74","MTG_L_pole -- Hippo_L",-0.005057836476735185,"101","101"
"x74_181","Hippo_L -- PIns_L",-0.00494144031428961,"101","101"
"x40_80","MTG_L_pole -- GP_L",-0.004896627399861414,"101","101"
"x42_183","ITG_L -- PSTG_L",-0.004875786448920301,"101","101"
"x36_74","STG_L_pole -- Hippo_L",-0.004866119249309607,"101","101"
"x28_80","SMG_L -- GP_L",-0.004851607978688979,"101","101"
"x72_80","Amyg_L -- GP_L",-0.004690174183664277,"101","101"
"x26_72","SPG_L -- Amyg_L",-0.004649030226456121,"101","101"
"x30_183","AG_L -- PSTG_L",-0.004616004685801938,"101","101"
"x10_24","IFG_opercularis_L -- PrCG_L",-0.004562735872136653,"101","101"
"x6_78","MFG_L -- Put_L",-0.004544075917799093,"101","101"
"x42_72","ITG_L -- Amyg_L",-0.004493968899493722,"101","101"
"x76_80","Caud_L -- GP_L",-0.004491690233112944,"101","101"
"x36_185","STG_L_pole -- PSMG_L",-0.004475234172235136,"101","101"
"x34_58","STG_L -- LG_L",-0.004466847654604074,"101","101"
"x24_80","PrCG_L -- GP_L",-0.004416891134039091,"101","101"
"x38_74","MTG_L -- Hippo_L",-0.004287129803138827,"101","101"
"x22_80","PoCG_L -- GP_L",-0.004228417239007362,"101","101"
"x68_82","PCC_L -- Thal_L",-0.004126017474704788,"101","101"
"x12_58","IFG_orbitalis_L -- LG_L",-0.004050957031808757,"101","101"
"x24_56","PrCG_L -- Cu_L",-0.0040314892815412956,"101","101"
"x40_181","MTG_L_pole -- PIns_L",-0.003911791259372485,"101","101"
"x2_70","SFG_PFC_L -- Ins_L",-0.003903552071222682,"101","101"
"x40_68","MTG_L_pole -- PCC_L",-0.0037465289052311347,"101","101"
"x72_74","Amyg_L -- Hippo_L",-0.0036112596860992585,"101","101"
"x36_50","STG_L_pole -- SOG_L",-0.0034432298605361904,"101","101"
"x34_42","STG_L -- ITG_L",-0.003383078421414586,"101","101"
"x66_183","dorsal_ACC_L -- PSTG_L",-0.00336601184535822,"101","101"
"x34_44","STG_L -- PHG_L",-0.0032657195257039346,"101","101"
"x26_80","SPG_L -- GP_L",-0.00326094633460714,"101","101"
"x34_70","STG_L -- Ins_L",-0.0032601302065225525,"101","101"
"x6_50","MFG_L -- SOG_L",-0.0032249577640779616,"101","101"
"x12_185","IFG_orbitalis_L -- PSMG_L",-0.0031716035141930218,"101","101"
"x185_187","PSMG_L -- PSIG_L",-0.003130744547614445,"101","101"
"x14_42","IFG_triangularis_L -- ITG_L",-0.003074136051637156,"101","101"
"x20_40","RG_L -- MTG_L_pole",-0.0030313828121193683,"101","101"
"x54_74","IOG_L -- Hippo_L",-0.0030094523667630693,"101","101"
"x42_70","ITG_L -- Ins_L",-0.0029851450182582224,"101","101"
"x80_181","GP_L -- PIns_L",-0.0029338191920872604,"101","101"
"x20_181","RG_L -- PIns_L",-0.0028981187955315108,"101","101"
"x22_68","PoCG_L -- PCC_L",-0.0028921457361728025,"101","101"
"x6_28","MFG_L -- SMG_L",-0.002876368162403691,"101","101"
"x26_40","SPG_L -- MTG_L_pole",-0.002823368302066664,"101","101"
"x78_183","Put_L -- PSTG_L",-0.0028032291085100863,"101","101"
"x20_80","RG_L -- GP_L",-0.0027657472803267165,"101","101"
"x30_52","AG_L -- MOG_L",-0.00268888320799247,"101","101"
"x50_72","SOG_L -- Amyg_L",-0.0026736498019671925,"101","101"
"x28_50","SMG_L -- SOG_L",-0.002666903584567565,"101","101"
"x0_50","SFG_L -- SOG_L",-0.002646932881305477,"101","101"
"x18_34","MFOG_L -- STG_L",-0.0026320684638951497,"101","101"
"x52_183","MOG_L -- PSTG_L",-0.002623372109408635,"101","101"
"x24_181","PrCG_L -- PIns_L",-0.002602896196322252,"101","101"
"x18_40","MFOG_L -- MTG_L_pole",-0.00257977259595736,"101","101"
"x12_40","IFG_orbitalis_L -- MTG_L_pole",-0.0025018934387503887,"101","101"
"x24_36","PrCG_L -- STG_L_pole",-0.0024432554979813242,"101","101"
"x18_36","MFOG_L -- STG_L_pole",-0.0024056741514508284,"101","101"
"x26_36","SPG_L -- STG_L_pole",-0.002380484529708421,"101","101"
"x14_38","IFG_triangularis_L -- MTG_L",-0.002347362063566343,"101","101"
"x28_187","SMG_L -- PSIG_L",-0.0023250488343771747,"101","101"
"x20_36","RG_L -- STG_L_pole",-0.002273805264781059,"101","101"
"x60_70","rostral_ACC_L -- Ins_L",-0.0022314984878021586,"101","101"
"x70_74","Ins_L -- Hippo_L",-0.002162962654093693,"101","101"
"x14_74","IFG_triangularis_L -- Hippo_L",-0.0021082698904257543,"101","101"
"x22_56","PoCG_L -- Cu_L",-0.002063424342144179,"101","101"
"x22_183","PoCG_L -- PSTG_L",-0.0019765497294721417,"101","101"
"x28_38","SMG_L -- MTG_L",-0.00196872029759002,"101","101"
"x12_26","IFG_orbitalis_L -- SPG_L",-0.001958449066346263,"101","101"
"x24_183","PrCG_L -- PSTG_L",-0.001848171672022585,"101","101"
"x18_38","MFOG_L -- MTG_L",-0.0018269157942536406,"101","101"
"x6_80","MFG_L -- GP_L",-0.0018059918223237894,"101","101"
"x72_78","Amyg_L -- Put_L",-0.0017327915787915585,"101","101"
"x36_68","STG_L_pole -- PCC_L",-0.0017315505424627072,"101","101"
"x6_52","MFG_L -- MOG_L",-0.0016758665330234973,"101","101"
"x20_38","RG_L -- MTG_L",-0.0016270613507783714,"101","101"
"x0_80","SFG_L -- GP_L",-0.0016190637355310929,"101","101"
"x40_76","MTG_L_pole -- Caud_L",-0.0016172997248848839,"101","101"
"x16_181","LFOG_L -- PIns_L",-0.0014989769690366675,"101","101"
"x0_52","SFG_L -- MOG_L",-0.0014663032754190608,"101","101"
"x72_185","Amyg_L -- PSMG_L",-0.001415046715025887,"101","101"
"x26_44","SPG_L -- PHG_L",-0.001340614181997094,"101","101"
"x42_181","ITG_L -- PIns_L",-0.0013342258477035485,"101","101"
"x12_50","IFG_orbitalis_L -- SOG_L",-0.0013190836988610291,"101","101"
"x18_72","MFOG_L -- Amyg_L",-0.001298645540356829,"101","101"
"x2_14","SFG_PFC_L -- IFG_triangularis_L",-0.0012903266434377875,"101","101"
"x30_54","AG_L -- IOG_L",-0.0012839923712661514,"101","101"
"x58_74","LG_L -- Hippo_L",-0.0012832487242245556,"101","101"
"x74_78","Hippo_L -- Put_L",-0.001264329855020399,"101","101"
"x74_185","Hippo_L -- PSMG_L",-0.001243861778285742,"101","101"
"x2_10","SFG_PFC_L -- IFG_opercularis_L",-0.0012240485643603503,"101","101"
"x18_181","MFOG_L -- PIns_L",-0.0012031075428196054,"101","101"
"x44_78","PHG_L -- Put_L",-0.001183396807717666,"101","101"
"x44_80","PHG_L -- GP_L",-0.0011732390220889235,"101","101"
"x2_76","SFG_PFC_L -- Caud_L",-0.001137623709866734,"101","101"
"x28_42","SMG_L -- ITG_L",-0.0011246990810434034,"101","101"
"x50_181","SOG_L -- PIns_L",-0.0011022494075593491,"101","101"
"x16_36","LFOG_L -- STG_L_pole",-0.0010813478637379127,"101","101"
"x14_26","IFG_triangularis_L -- SPG_L",-0.001078062760422231,"101","101"
"x8_16","MFG_DPFC_L -- LFOG_L",-0.0010670951485352307,"101","101"
"x50_78","SOG_L -- Put_L",-0.0010604997517554887,"101","101"
"x12_36","IFG_orbitalis_L -- STG_L_pole",-0.0010594707371952181,"101","101"
"x52_80","MOG_L -- GP_L",-0.001054218390451134,"101","101"
"x76_82","Caud_L -- Thal_L",-0.0010367711144536455,"101","101"
"x28_54","SMG_L -- IOG_L",-0.0010314766166078417,"101","101"
"x6_66","MFG_L -- dorsal_ACC_L",-0.0010272677480855175,"101","101"
"x24_30","PrCG_L -- AG_L",-0.0010075546981381008,"101","101"
"x10_181","IFG_opercularis_L -- PIns_L",-0.0009905721347548608,"101","101"
"x68_181","PCC_L -- PIns_L",-0.0009638070689169297,"101","101"
"x24_185","PrCG_L -- PSMG_L",-0.0009538125891703426,"101","101"
"x38_70","MTG_L -- Ins_L",-0.0009362394657250468,"101","101"
"x14_185","IFG_triangularis_L -- PSMG_L",-0.0009324765010713561,"101","101"
"x8_20","MFG_DPFC_L -- RG_L",-0.00092705351095665,"101","101"
"x24_54","PrCG_L -- IOG_L",-0.0009126845360419014,"101","101"
"x0_30","SFG_L -- AG_L",-0.0009111156036467982,"101","101"
"x16_40","LFOG_L -- MTG_L_pole",-0.0008725552717755223,"101","101"
"x18_70","MFOG_L -- Ins_L",-0.0008555416569499911,"101","101"
"x20_78","RG_L -- Put_L",-0.000846189828084841,"101","101"
"x10_34","IFG_opercularis_L -- STG_L",-0.0008321472738729213,"101","101"
"x181_185","PIns_L -- PSMG_L",-0.0008155872578218766,"101","101"
"x8_34","MFG_DPFC_L -- STG_L",-0.0008064443470076482,"101","101"
"x14_36","IFG_triangularis_L -- STG_L_pole",-0.0007867579887587791,"101","101"
"x80_183","GP_L -- PSTG_L",-0.0007647758133992498,"101","101"
"x26_70","SPG_L -- Ins_L",-0.0007629594414401553,"101","101"
"x6_30","MFG_L -- AG_L",-0.0007619183785426183,"101","101"
"x12_20","IFG_orbitalis_L -- RG_L",-0.0007402606557737661,"101","101"
"x12_68","IFG_orbitalis_L -- PCC_L",-0.0007340356463495374,"101","101"
"x18_80","MFOG_L -- GP_L",-0.0007316392012462137,"101","101"
"x44_183","PHG_L -- PSTG_L",-0.0007207674214156572,"101","101"
"x32_40","PrCu_L -- MTG_L_pole",-0.0006932566043928462,"101","101"
"x40_46","MTG_L_pole -- ENT_L",-0.0006925996329068749,"101","101"
"x72_183","Amyg_L -- PSTG_L",-0.0006833854390649588,"101","101"
"x0_56","SFG_L -- Cu_L",-0.0006804951299697097,"101","101"
"x48_183","FuG_L -- PSTG_L",-0.0006738434215485205,"101","101"
"x32_36","PrCu_L -- STG_L_pole",-0.0006717882422602747,"101","101"
"x36_76","STG_L_pole -- Caud_L",-0.0006672705638850063,"101","101"
"x8_42","MFG_DPFC_L -- ITG_L",-0.0006430088146608689,"101","101"
"x24_42","PrCG_L -- ITG_L",-0.0006401294756884561,"101","101"
"x38_183","MTG_L -- PSTG_L",-0.0006392003980732488,"101","101"
"x4_70","SFG_pole_L -- Ins_L",-0.0006302852074921124,"101","101"
"x6_34","MFG_L -- STG_L",-0.0006261750248683704,"101","101"
"x28_68","SMG_L -- PCC_L",-0.0006221793734326901,"101","101"
"x16_72","LFOG_L -- Amyg_L",-0.0006124707443734347,"101","101"
"x34_66","STG_L -- dorsal_ACC_L",-0.0006102331150882348,"101","101"
"x6_181","MFG_L -- PIns_L",-0.0005977836187163073,"101","101"
"x20_26","RG_L -- SPG_L",-0.0005821554875387114,"101","101"
"x38_76","MTG_L -- Caud_L",-0.0005621912608717314,"101","101"
"x42_66","ITG_L -- dorsal_ACC_L",-0.0005567250342561079,"101","101"
"x52_181","MOG_L -- PIns_L",-0.0005269791863029502,"101","101"
"x2_181","SFG_PFC_L -- PIns_L",-0.0005252058171463048,"101","101"
"x14_50","IFG_triangularis_L -- SOG_L",-0.0005237480720536199,"101","101"
"x22_185","PoCG_L -- PSMG_L",-0.0005164254771967481,"101","101"
"x74_76","Hippo_L -- Caud_L",-0.0005109806848635131,"101","101"
"x40_70","MTG_L_pole -- Ins_L",-0.0005105130605894491,"101","101"
"x36_78","STG_L_pole -- Put_L",-0.0005104090165164761,"101","101"
"x76_181","Caud_L -- PIns_L",-0.0005012014543192922,"101","101"
"x20_70","RG_L -- Ins_L",-0.0004931066929221735,"101","101"
"x2_26","SFG_PFC_L -- SPG_L",-0.00047743600856403823,"101","101"
"x4_12","SFG_pole_L -- IFG_orbitalis_L",-0.00045585918376773744,"101","101"
"x50_70","SOG_L -- Ins_L",-0.0004489200867482739,"101","101"
"x8_181","MFG_DPFC_L -- PIns_L",-0.00044274429892315746,"101","101"
"x22_42","PoCG_L -- ITG_L",-0.0004425272517349372,"101","101"
"x10_36","IFG_opercularis_L -- STG_L_pole",-0.0004380882370570512,"101","101"
"x28_36","SMG_L -- STG_L_pole",-0.0004302406884441664,"101","101"
"x66_185","dorsal_ACC_L -- PSMG_L",-0.00042216458710417847,"101","101"
"x48_80","FuG_L -- GP_L",-0.00040559191091008663,"101","101"
"x54_72","IOG_L -- Amyg_L",-0.0003926146290463059,"101","101"
"x28_48","SMG_L -- FuG_L",-0.0003838912826142327,"101","101"
"x14_40","IFG_triangularis_L -- MTG_L_pole",-0.0003810039360251264,"101","101"
"x58_181","LG_L -- PIns_L",-0.0003802477163680202,"101","101"
"x12_28","IFG_orbitalis_L -- SMG_L",-0.00037753934946179997,"101","101"
"x28_72","SMG_L -- Amyg_L",-0.0003759429778761843,"101","101"
"x70_76","Ins_L -- Caud_L",-0.0003741063747915416,"101","101"
"x22_30","PoCG_L -- AG_L",-0.0003727679287067467,"101","101"
"x16_74","LFOG_L -- Hippo_L",-0.0003710173246949107,"101","101"
"x20_82","RG_L -- Thal_L",-0.00036964288714285657,"101","101"
"x0_42","SFG_L -- ITG_L",-0.0003676312487748741,"101","101"
"x0_28","SFG_L -- SMG_L",-0.00036673330294113203,"101","101"
"x22_72","PoCG_L -- Amyg_L",-0.00036242818950808775,"101","101"
"x20_50","RG_L -- SOG_L",-0.00035188881035136215,"101","101"
"x32_181","PrCu_L -- PIns_L",-0.00033811365470373493,"101","101"
"x24_40","PrCG_L -- MTG_L_pole",-0.0003350948845291502,"101","101"
"x44_82","PHG_L -- Thal_L",-0.00032144827358679943,"101","101"
"x0_34","SFG_L -- STG_L",-0.00031964953848182725,"101","101"
"x6_20","MFG_L -- RG_L",-0.0003137669720631474,"101","101"
"x44_185","PHG_L -- PSMG_L",-0.0003135731170569766,"101","101"
"x66_187","dorsal_ACC_L -- PSIG_L",-0.000312923425485669,"101","101"
"x8_60","MFG_DPFC_L -- rostral_ACC_L",-0.00030624362583298915,"101","101"
"x6_185","MFG_L -- PSMG_L",-0.00030201348283166745,"101","101"
"x54_80","IOG_L -- GP_L",-0.0002963340274441789,"101","101"
"x8_38","MFG_DPFC_L -- MTG_L",-0.0002909738027633888,"101","101"
"x22_187","PoCG_L -- PSIG_L",-0.00029004841639148813,"101","101"
"x48_66","FuG_L -- dorsal_ACC_L",-0.00028951102325009033,"101","101"
"x0_181","SFG_L -- PIns_L",-0.0002871649492125076,"101","101"
"x22_48","PoCG_L -- FuG_L",-0.0002692118552635863,"101","101"
"x26_74","SPG_L -- Hippo_L",-0.0002681180225086481,"101","101"
"x72_187","Amyg_L -- PSIG_L",-0.00025660880627269354,"101","101"
"x20_74","RG_L -- Hippo_L",-0.0002556931154805704,"101","101"
"x10_42","IFG_opercularis_L -- ITG_L",-0.0002523768569214819,"101","101"
"x6_38","MFG_L -- MTG_L",-0.0002462177706489875,"101","101"
"x6_68","MFG_L -- PCC_L",-0.00023838285460066967,"101","101"
"x12_32","IFG_orbitalis_L -- PrCu_L",-0.00023779495194737983,"101","101"
"x0_185","SFG_L -- PSMG_L",-0.0002342601443839074,"101","101"
"x50_76","SOG_L -- Caud_L",-0.00023368361571525324,"101","101"
"x8_74","MFG_DPFC_L -- Hippo_L",-0.00023341991942243685,"101","101"
"x66_72","dorsal_ACC_L -- Amyg_L",-0.00023206427132402453,"101","101"
"x14_68","IFG_triangularis_L -- PCC_L",-0.00023085036638968292,"101","101"
"x0_36","SFG_L -- STG_L_pole",-0.00022567881355070024,"101","101"
"x28_70","SMG_L -- Ins_L",-0.00022525775098150187,"101","101"
"x32_38","PrCu_L -- MTG_L",-0.00021902051580938655,"101","101"
"x6_54","MFG_L -- IOG_L",-0.00021647740063645939,"101","101"
"x18_64","MFOG_L -- subgenual_ACC_L",-0.00021509388231624697,"101","101"
"x22_54","PoCG_L -- IOG_L",-0.00021374141765585067,"101","101"
"x8_40","MFG_DPFC_L -- MTG_L_pole",-0.00020892060957509724,"101","101"
"x24_38","PrCG_L -- MTG_L",-0.00020024075722567425,"101","101"
"x12_187","IFG_orbitalis_L -- PSIG_L",-0.0001972632842625259,"101","101"
"x24_50","PrCG_L -- SOG_L",-0.0001963823947257613,"101","101"
"x16_26","LFOG_L -- SPG_L",-0.00019635168774407186,"101","101"
"x36_46","STG_L_pole -- ENT_L",-0.00019485857036321595,"101","101"
"x20_34","RG_L -- STG_L",-0.00019452193991030667,"101","101"
"x28_66","SMG_L -- dorsal_ACC_L",-0.00019398704840355247,"101","101"
"x38_66","MTG_L -- dorsal_ACC_L",-0.0001928196437854621,"101","101"
"x6_36","MFG_L -- STG_L_pole",-0.00019136888095814405,"101","101"
"x24_48","PrCG_L -- FuG_L",-0.0001847878049359588,"101","101"
"x0_38","SFG_L -- MTG_L",-0.00018386304440223513,"101","101"
"x6_42","MFG_L -- ITG_L",-0.00018118098302933453,"101","101"
"x26_76","SPG_L -- Caud_L",-0.00017611368789360995,"101","101"
"x10_74","IFG_opercularis_L -- Hippo_L",-0.00017209797353348293,"101","101"
"x14_28","IFG_triangularis_L -- SMG_L",-0.00017002431988402631,"101","101"
"x6_58","MFG_L -- LG_L",-0.00016916939124064296,"101","101"
"x6_187","MFG_L -- PSIG_L",-0.00016874409301753405,"101","101"
"x24_72","PrCG_L -- Amyg_L",-0.00015879628621865035,"101","101"
"x18_50","MFOG_L -- SOG_L",-0.0001558234222380662,"101","101"
"x0_72","SFG_L -- Amyg_L",-0.00014604825068689702,"101","101"
"x8_50","MFG_DPFC_L -- SOG_L",-0.0001458928878736205,"101","101"
"x0_183","SFG_L -- PSTG_L",-0.00013926741979123483,"101","101"
"x28_44","SMG_L -- PHG_L",-0.00013746697091224932,"101","101"
"x34_64","STG_L -- subgenual_ACC_L",-0.00013187765001034942,"101","101"
"x6_183","MFG_L -- PSTG_L",-0.00013095754476247134,"101","101"
"x22_38","PoCG_L -- MTG_L",-0.00013062991483910388,"101","101"
"x0_187","SFG_L -- PSIG_L",-0.00012845350026755386,"101","101"
"x4_14","SFG_pole_L -- IFG_triangularis_L",-0.00012662184275769479,"101","101"
"x4_8","SFG_pole_L -- MFG_DPFC_L",-0.0001250313516739534,"101","101"
"x2_72","SFG_PFC_L -- Amyg_L",-0.00012317466648781878,"101","101"
"x22_36","PoCG_L -- STG_L_pole",-0.0001231458951759601,"101","101"
"x12_60","IFG_orbitalis_L -- rostral_ACC_L",-0.00012234098671879727,"101","101"
"x0_54","SFG_L -- IOG_L",-0.0001222655818018549,"101","101"
"x8_187","MFG_DPFC_L -- PSIG_L",-0.00011918880330029455,"101","101"
"x18_26","MFOG_L -- SPG_L",-0.00011344594172918474,"101","101"
"x68_72","PCC_L -- Amyg_L",-0.00011135391008555462,"101","101"
"x54_76","IOG_L -- Caud_L",-0.00011033804268166659,"101","101"
"x58_80","LG_L -- GP_L",-0.0001094060199915587,"101","101"
"x0_74","SFG_L -- Hippo_L",-0.00010782917828614622,"101","101"
"x181_187","PIns_L -- PSIG_L",-0.00010707717073965145,"101","101"
"x0_58","SFG_L -- LG_L",-0.0001039392861735121,"101","101"
"x0_40","SFG_L -- MTG_L_pole",-0.00010341943613762128,"101","101"
"x6_72","MFG_L -- Amyg_L",-0.00010323808577974369,"101","101"
"x68_70","PCC_L -- Ins_L",-0.00010163064621759475,"101","101"
"x30_66","AG_L -- dorsal_ACC_L",-0.00010048749665564204,"101","101"
"x181_183","PIns_L -- PSTG_L",-0.00010027456359149874,"101","101"
"x24_58","PrCG_L -- LG_L",-0.00010012538931510433,"101","101"
"x10_38","IFG_opercularis_L -- MTG_L",-9.952312548380538e-5,"101","101"
"x6_40","MFG_L -- MTG_L_pole",-9.567172502265652e-5,"101","101"
"x24_28","PrCG_L -- SMG_L",-9.566199927417442e-5,"101","101"
"x54_66","IOG_L -- dorsal_ACC_L",-9.357649588878361e-5,"101","101"
"x8_76","MFG_DPFC_L -- Caud_L",-9.265196789229586e-5,"101","101"
"x14_72","IFG_triangularis_L -- Amyg_L",-9.164848305952192e-5,"101","101"
"x74_183","Hippo_L -- PSTG_L",-9.163979161692627e-5,"101","101"
"x64_72","subgenual_ACC_L -- Amyg_L",-9.038962700595287e-5,"101","101"
"x22_44","PoCG_L -- PHG_L",-8.896494923585891e-5,"101","101"
"x8_185","MFG_DPFC_L -- PSMG_L",-8.750068159894115e-5,"101","101"
"x66_74","dorsal_ACC_L -- Hippo_L",-8.608483134882996e-5,"101","101"
"x22_70","PoCG_L -- Ins_L",-8.584905988520103e-5,"101","101"
"x16_22","LFOG_L -- PoCG_L",-8.499876388226077e-5,"101","101"
"x12_72","IFG_orbitalis_L -- Amyg_L",-8.404822879653542e-5,"101","101"
"x48_76","FuG_L -- Caud_L",-8.204800203446548e-5,"101","101"
"x6_74","MFG_L -- Hippo_L",-8.0686100334369e-5,"101","101"
"x60_183","rostral_ACC_L -- PSTG_L",-8.036232723529241e-5,"101","101"
"x8_26","MFG_DPFC_L -- SPG_L",-7.901606593514474e-5,"101","101"
"x8_68","MFG_DPFC_L -- PCC_L",-7.880768310901959e-5,"101","101"
"x12_56","IFG_orbitalis_L -- Cu_L",-7.871141441474971e-5,"101","101"
"x76_183","Caud_L -- PSTG_L",-7.858098607599296e-5,"101","101"
"x20_28","RG_L -- SMG_L",-7.854364747083553e-5,"101","101"
"x10_40","IFG_opercularis_L -- MTG_L_pole",-7.70900689134869e-5,"101","101"
"x46_82","ENT_L -- Thal_L",-7.436409436126459e-5,"101","101"
"x70_82","Ins_L -- Thal_L",-7.360098629843856e-5,"101","101"
"x76_185","Caud_L -- PSMG_L",-7.319328839678412e-5,"101","101"
"x36_64","STG_L_pole -- subgenual_ACC_L",-7.034548928553448e-5,"101","101"
"x10_50","IFG_opercularis_L -- SOG_L",-6.991403133375639e-5,"101","101"
"x42_64","ITG_L -- subgenual_ACC_L",-6.854336762359161e-5,"101","101"
"x8_30","MFG_DPFC_L -- AG_L",-6.639577552722983e-5,"101","101"
"x10_187","IFG_opercularis_L -- PSIG_L",-5.7852430632986275e-5,"101","101"
"x10_26","IFG_opercularis_L -- SPG_L",-5.771908404845672e-5,"101","101"
"x6_48","MFG_L -- FuG_L",-5.5166227034019555e-5,"101","101"
"x4_68","SFG_pole_L -- PCC_L",-5.264472232658272e-5,"101","101"
"x38_64","MTG_L -- subgenual_ACC_L",-5.041730231482754e-5,"101","101"
"x20_72","RG_L -- Amyg_L",-4.952828198984377e-5,"101","101"
"x48_64","FuG_L -- subgenual_ACC_L",-4.839023967932446e-5,"101","101"
"x24_74","PrCG_L -- Hippo_L",-4.795277130989515e-5,"101","101"
"x8_72","MFG_DPFC_L -- Amyg_L",-4.635390999853e-5,"101","101"
"x6_44","MFG_L -- PHG_L",-4.545084874468664e-5,"101","101"
"x40_64","MTG_L_pole -- subgenual_ACC_L",-4.3900912513847934e-5,"101","101"
"x64_70","subgenual_ACC_L -- Ins_L",-4.09009897373733e-5,"101","101"
"x12_52","IFG_orbitalis_L -- MOG_L",-4.0711521701423425e-5,"101","101"
"x28_76","SMG_L -- Caud_L",-4.029732316893346e-5,"101","101"
"x64_185","subgenual_ACC_L -- PSMG_L",-3.9190217232038295e-5,"101","101"
"x24_44","PrCG_L -- PHG_L",-3.868513159679039e-5,"101","101"
"x64_187","subgenual_ACC_L -- PSIG_L",-3.77979952816249e-5,"101","101"
"x28_60","SMG_L -- rostral_ACC_L",-3.709592856631546e-5,"101","101"
"x28_74","SMG_L -- Hippo_L",-3.4944151402908666e-5,"101","101"
"x50_60","SOG_L -- rostral_ACC_L",-3.450369233192871e-5,"101","101"
"x18_28","MFOG_L -- SMG_L",-3.32725123181891e-5,"101","101"
"x0_48","SFG_L -- FuG_L",-3.257936737909405e-5,"101","101"
"x14_187","IFG_triangularis_L -- PSIG_L",-3.1665517768829536e-5,"101","101"
"x10_72","IFG_opercularis_L -- Amyg_L",-3.157198679927793e-5,"101","101"
"x22_76","PoCG_L -- Caud_L",-2.699750071693715e-5,"101","101"
"x26_46","SPG_L -- ENT_L",-2.6966377573420414e-5,"101","101"
"x4_6","SFG_pole_L -- MFG_L",-2.6649907199952593e-5,"101","101"
"x16_50","LFOG_L -- SOG_L",-2.5230041249153372e-5,"101","101"
"x10_20","IFG_opercularis_L -- RG_L",-2.5068652739057004e-5,"101","101"
"x24_76","PrCG_L -- Caud_L",-2.3871609223042723e-5,"101","101"
"x44_64","PHG_L -- subgenual_ACC_L",-2.3063767956835404e-5,"101","101"
"x64_181","subgenual_ACC_L -- PIns_L",-2.2597239319558468e-5,"101","101"
"x6_16","MFG_L -- LFOG_L",-2.2560790498816993e-5,"101","101"
"x12_44","IFG_orbitalis_L -- PHG_L",-2.2154852221493782e-5,"101","101"
"x10_28","IFG_opercularis_L -- SMG_L",-2.0172949818523487e-5,"101","101"
"x4_26","SFG_pole_L -- SPG_L",-2.011867819595871e-5,"101","101"
"x8_18","MFG_DPFC_L -- MFOG_L",-1.8121538470637214e-5,"101","101"
"x76_187","Caud_L -- PSIG_L",-1.5945052011237894e-5,"101","101"
"x14_44","IFG_triangularis_L -- PHG_L",-1.5571406564767896e-5,"101","101"
"x46_80","ENT_L -- GP_L",-1.4885579293526145e-5,"101","101"
"x4_24","SFG_pole_L -- PrCG_L",-1.2888488653648379e-5,"101","101"
"x8_64","MFG_DPFC_L -- subgenual_ACC_L",-1.1061064418068263e-5,"101","101"
"x36_66","STG_L_pole -- dorsal_ACC_L",-1.0681440095955696e-5,"101","101"
"x6_56","MFG_L -- Cu_L",-1.065123760769647e-5,"101","101"
"x62_70","subcallosal_ACC_L -- Ins_L",-1.0597461839179402e-5,"101","101"
"x14_62","IFG_triangularis_L -- subcallosal_ACC_L",-8.44415887957874e-6,"101","101"
"x64_183","subgenual_ACC_L -- PSTG_L",-7.539572734082307e-6,"101","101"
"x14_64","IFG_triangularis_L -- subgenual_ACC_L",-7.393046292056114e-6,"101","101"
"x4_36","SFG_pole_L -- STG_L_pole",-7.380356887307764e-6,"101","101"
"x4_20","SFG_pole_L -- RG_L",-7.194155493497471e-6,"101","101"
"x54_64","IOG_L -- subgenual_ACC_L",-7.1737315178617005e-6,"101","101"
"x10_64","IFG_opercularis_L -- subgenual_ACC_L",-6.5934431412846835e-6,"101","101"
"x28_40","SMG_L -- MTG_L_pole",-6.579789814599597e-6,"101","101"
"x18_22","MFOG_L -- PoCG_L",-6.064999530780795e-6,"101","101"
"x62_78","subcallosal_ACC_L -- Put_L",-5.938308221915099e-6,"101","101"
"x4_64","SFG_pole_L -- subgenual_ACC_L",-5.920135138563908e-6,"101","101"
"x10_62","IFG_opercularis_L -- subcallosal_ACC_L",-5.906588777543311e-6,"101","101"
"x4_18","SFG_pole_L -- MFOG_L",-5.720544290402102e-6,"101","101"
"x10_18","IFG_opercularis_L -- MFOG_L",-5.336663497530439e-6,"101","101"
"x6_62","MFG_L -- subcallosal_ACC_L",-4.822340274374379e-6,"101","101"
"x70_72","Ins_L -- Amyg_L",-4.49496752436894e-6,"101","101"
"x64_82","subgenual_ACC_L -- Thal_L",-4.053280724355974e-6,"101","101"
"x4_32","SFG_pole_L -- PrCu_L",-2.652827137012482e-6,"101","101"
"x4_22","SFG_pole_L -- PoCG_L",-1.860376249548547e-6,"101","101"
"x60_72","rostral_ACC_L -- Amyg_L",-1.508929070633121e-6,"101","101"
"x52_66","MOG_L -- dorsal_ACC_L",-1.3765195928461419e-6,"101","101"
"x10_76","IFG_opercularis_L -- Caud_L",-1.1155072049094072e-6,"101","101"
"x52_64","MOG_L -- subgenual_ACC_L",-1.048617982611251e-6,"101","101"
"x22_46","PoCG_L -- ENT_L",-8.585478744804611e-7,"101","101"
"x16_62","LFOG_L -- subcallosal_ACC_L",-8.062776760760783e-7,"101","101"
"x62_80","subcallosal_ACC_L -- GP_L",-6.395184149756239e-7,"101","101"
"x42_62","ITG_L -- subcallosal_ACC_L",-4.3292947573952223e-7,"101","101"
"x36_62","STG_L_pole -- subcallosal_ACC_L",-1.7937020058828752e-7,"101","101"
"x12_62","IFG_orbitalis_L -- subcallosal_ACC_L",-1.4625367750811227e-7,"101","101"
"x38_62","MTG_L -- subcallosal_ACC_L",-1.2815467819801653e-7,"101","101"
"x34_62","STG_L -- subcallosal_ACC_L",-6.208735962389057e-8,"101","101"
"x6_18","MFG_L -- MFOG_L",0.0,"101","101"
"x14_18","IFG_triangularis_L -- MFOG_L",0.0,"101","101"
"x4_28","SFG_pole_L -- SMG_L",0.0,"101","101"
"x4_30","SFG_pole_L -- AG_L",0.0,"101","101"
"x4_34","SFG_pole_L -- STG_L",0.0,"101","101"
"x4_40","SFG_pole_L -- MTG_L_pole",0.0,"101","101"
"x4_42","SFG_pole_L -- ITG_L",0.0,"101","101"
"x4_44","SFG_pole_L -- PHG_L",0.0,"101","101"
"x0_46","SFG_L -- ENT_L",0.0,"101","101"
"x2_46","SFG_PFC_L -- ENT_L",0.0,"101","101"
"x4_46","SFG_pole_L -- ENT_L",0.0,"101","101"
"x6_46","MFG_L -- ENT_L",0.0,"101","101"
"x8_46","MFG_DPFC_L -- ENT_L",0.0,"101","101"
"x10_46","IFG_opercularis_L -- ENT_L",0.0,"101","101"
"x12_46","IFG_orbitalis_L -- ENT_L",0.0,"101","101"
"x14_46","IFG_triangularis_L -- ENT_L",0.0,"101","101"
"x18_46","MFOG_L -- ENT_L",0.0,"101","101"
"x24_46","PrCG_L -- ENT_L",0.0,"101","101"
"x28_46","SMG_L -- ENT_L",0.0,"101","101"
"x4_48","SFG_pole_L -- FuG_L",0.0,"101","101"
"x4_50","SFG_pole_L -- SOG_L",0.0,"101","101"
"x4_54","SFG_pole_L -- IOG_L",0.0,"101","101"
"x4_56","SFG_pole_L -- Cu_L",0.0,"101","101"
"x4_58","SFG_pole_L -- LG_L",0.0,"101","101"
"x46_60","ENT_L -- rostral_ACC_L",0.0,"101","101"
"x4_62","SFG_pole_L -- subcallosal_ACC_L",0.0,"101","101"
"x8_62","MFG_DPFC_L -- subcallosal_ACC_L",0.0,"101","101"
"x28_62","SMG_L -- subcallosal_ACC_L",0.0,"101","101"
"x30_62","AG_L -- subcallosal_ACC_L",0.0,"101","101"
"x40_62","MTG_L_pole -- subcallosal_ACC_L",0.0,"101","101"
"x44_62","PHG_L -- subcallosal_ACC_L",0.0,"101","101"
"x46_62","ENT_L -- subcallosal_ACC_L",0.0,"101","101"
"x48_62","FuG_L -- subcallosal_ACC_L",0.0,"101","101"
"x50_62","SOG_L -- subcallosal_ACC_L",0.0,"101","101"
"x52_62","MOG_L -- subcallosal_ACC_L",0.0,"101","101"
"x54_62","IOG_L -- subcallosal_ACC_L",0.0,"101","101"
"x6_64","MFG_L -- subgenual_ACC_L",0.0,"101","101"
"x28_64","SMG_L -- subgenual_ACC_L",0.0,"101","101"
"x30_64","AG_L -- subgenual_ACC_L",0.0,"101","101"
"x46_64","ENT_L -- subgenual_ACC_L",0.0,"101","101"
"x50_64","SOG_L -- subgenual_ACC_L",0.0,"101","101"
"x46_66","ENT_L -- dorsal_ACC_L",0.0,"101","101"
"x4_72","SFG_pole_L -- Amyg_L",0.0,"101","101"
"x62_72","subcallosal_ACC_L -- Amyg_L",0.0,"101","101"
"x4_74","SFG_pole_L -- Hippo_L",0.0,"101","101"
"x60_74","rostral_ACC_L -- Hippo_L",0.0,"101","101"
"x62_74","subcallosal_ACC_L -- Hippo_L",0.0,"101","101"
"x64_74","subgenual_ACC_L -- Hippo_L",0.0,"101","101"
"x4_181","SFG_pole_L -- PIns_L",0.0,"101","101"
"x60_181","rostral_ACC_L -- PIns_L",0.0,"101","101"
"x62_181","subcallosal_ACC_L -- PIns_L",0.0,"101","101"
"x4_183","SFG_pole_L -- PSTG_L",0.0,"101","101"
"x62_183","subcallosal_ACC_L -- PSTG_L",0.0,"101","101"
"x62_185","subcallosal_ACC_L -- PSMG_L",0.0,"101","101"
"x4_187","SFG_pole_L -- PSIG_L",0.0,"101","101"
"x60_187","rostral_ACC_L -- PSIG_L",0.0,"101","101"
"x62_187","subcallosal_ACC_L -- PSIG_L",0.0,"101","101"
"x30_46","AG_L -- ENT_L",1.9428082687138733e-8,"101","101"
"x62_82","subcallosal_ACC_L -- Thal_L",3.6060928375953867e-7,"101","101"
"x10_44","IFG_opercularis_L -- PHG_L",3.8706603646493507e-7,"101","101"
"x6_76","MFG_L -- Caud_L",7.279195160927369e-7,"101","101"
"x20_22","RG_L -- PoCG_L",7.511543953217601e-7,"101","101"
"x42_60","ITG_L -- rostral_ACC_L",7.724155385750107e-7,"101","101"
"x0_44","SFG_L -- PHG_L",1.2225937650769278e-6,"101","101"
"x4_76","SFG_pole_L -- Caud_L",1.4584758865182491e-6,"101","101"
"x42_46","ITG_L -- ENT_L",2.012146211488354e-6,"101","101"
"x28_58","SMG_L -- LG_L",2.996176239510212e-6,"101","101"
"x26_60","SPG_L -- rostral_ACC_L",3.97456809572636e-6,"101","101"
"x20_52","RG_L -- MOG_L",4.542849210853859e-6,"101","101"
"x4_52","SFG_pole_L -- MOG_L",5.458171055943319e-6,"101","101"
"x4_185","SFG_pole_L -- PSMG_L",5.84169975107178e-6,"101","101"
"x20_183","RG_L -- PSTG_L",6.942351690769195e-6,"101","101"
"x12_64","IFG_orbitalis_L -- subgenual_ACC_L",7.90575904741672e-6,"101","101"
"x46_187","ENT_L -- PSIG_L",7.98109076761153e-6,"101","101"
"x2_28","SFG_PFC_L -- SMG_L",8.597116191657247e-6,"101","101"
"x4_38","SFG_pole_L -- MTG_L",9.083558062641103e-6,"101","101"
"x34_60","STG_L -- rostral_ACC_L",1.1350823624099421e-5,"101","101"
"x80_187","GP_L -- PSIG_L",1.546292775430434e-5,"101","101"
"x18_62","MFOG_L -- subcallosal_ACC_L",1.6105250925704283e-5,"101","101"
"x30_60","AG_L -- rostral_ACC_L",1.8953600035702267e-5,"101","101"
"x46_76","ENT_L -- Caud_L",1.9470570301510286e-5,"101","101"
"x56_64","Cu_L -- subgenual_ACC_L",1.9944656647156393e-5,"101","101"
"x8_44","MFG_DPFC_L -- PHG_L",2.2559292513398498e-5,"101","101"
"x2_50","SFG_PFC_L -- SOG_L",2.2904923406275065e-5,"101","101"
"x12_24","IFG_orbitalis_L -- PrCG_L",2.350068485212363e-5,"101","101"
"x50_80","SOG_L -- GP_L",2.394466026007898e-5,"101","101"
"x2_74","SFG_PFC_L -- Hippo_L",2.476655477431507e-5,"101","101"
"x14_76","IFG_triangularis_L -- Caud_L",2.5888086789507184e-5,"101","101"
"x40_52","MTG_L_pole -- MOG_L",2.6961811924203564e-5,"101","101"
"x18_74","MFOG_L -- Hippo_L",2.9530288051806803e-5,"101","101"
"x8_32","MFG_DPFC_L -- PrCu_L",3.1689654918230705e-5,"101","101"
"x22_64","PoCG_L -- subgenual_ACC_L",3.235830363305617e-5,"101","101"
"x18_24","MFOG_L -- PrCG_L",3.371676692757689e-5,"101","101"
"x56_62","Cu_L -- subcallosal_ACC_L",3.680358169609596e-5,"101","101"
"x8_36","MFG_DPFC_L -- STG_L_pole",3.690122199194533e-5,"101","101"
"x28_56","SMG_L -- Cu_L",3.7507646310248015e-5,"101","101"
"x58_64","LG_L -- subgenual_ACC_L",3.874360494306145e-5,"101","101"
"x4_66","SFG_pole_L -- dorsal_ACC_L",4.112523754583176e-5,"101","101"
"x0_4","SFG_L -- SFG_pole_L",4.3184588122577574e-5,"101","101"
"x46_78","ENT_L -- Put_L",4.475642506520343e-5,"101","101"
"x4_16","SFG_pole_L -- LFOG_L",4.638166086876866e-5,"101","101"
"x40_66","MTG_L_pole -- dorsal_ACC_L",5.3358744625183026e-5,"101","101"
"x18_183","MFOG_L -- PSTG_L",5.467817405782773e-5,"101","101"
"x0_16","SFG_L -- LFOG_L",5.4787249551085385e-5,"101","101"
"x4_60","SFG_pole_L -- rostral_ACC_L",5.552056599444355e-5,"101","101"
"x10_185","IFG_opercularis_L -- PSMG_L",5.6894350531171703e-5,"101","101"
"x22_40","PoCG_L -- MTG_L_pole",5.822051170681379e-5,"101","101"
"x72_76","Amyg_L -- Caud_L",5.9515978471574816e-5,"101","101"
"x14_58","IFG_triangularis_L -- LG_L",5.961638578386359e-5,"101","101"
"x46_181","ENT_L -- PIns_L",6.233385384897326e-5,"101","101"
"x66_70","dorsal_ACC_L -- Ins_L",6.4400930245912e-5,"101","101"
"x10_68","IFG_opercularis_L -- PCC_L",6.659140923452718e-5,"101","101"
"x40_60","MTG_L_pole -- rostral_ACC_L",7.0066127641362e-5,"101","101"
"x10_32","IFG_opercularis_L -- PrCu_L",7.363069033022061e-5,"101","101"
"x68_80","PCC_L -- GP_L",7.39248474479349e-5,"101","101"
"x0_18","SFG_L -- MFOG_L",7.91122769118675e-5,"101","101"
"x10_183","IFG_opercularis_L -- PSTG_L",8.212135981753773e-5,"101","101"
"x58_76","LG_L -- Caud_L",8.369551602638544e-5,"101","101"
"x10_22","IFG_opercularis_L -- PoCG_L",8.663258415011454e-5,"101","101"
"x20_56","RG_L -- Cu_L",8.68502593495695e-5,"101","101"
"x22_62","PoCG_L -- subcallosal_ACC_L",8.822666979784046e-5,"101","101"
"x38_60","MTG_L -- rostral_ACC_L",9.009305496591622e-5,"101","101"
"x46_185","ENT_L -- PSMG_L",9.035162397138054e-5,"101","101"
"x8_28","MFG_DPFC_L -- SMG_L",9.149903030507256e-5,"101","101"
"x4_10","SFG_pole_L -- IFG_opercularis_L",9.278610426065606e-5,"101","101"
"x16_28","LFOG_L -- SMG_L",9.739284211296456e-5,"101","101"
"x64_78","subgenual_ACC_L -- Put_L",9.907033906318573e-5,"101","101"
"x8_183","MFG_DPFC_L -- PSTG_L",9.965647957769099e-5,"101","101"
"x58_62","LG_L -- subcallosal_ACC_L",0.00010111911321883127,"101","101"
"x46_70","ENT_L -- Ins_L",0.00010401180856410928,"101","101"
"x18_30","MFOG_L -- AG_L",0.0001043689741320699,"101","101"
"x2_183","SFG_PFC_L -- PSTG_L",0.00010557579496872399,"101","101"
"x16_80","LFOG_L -- GP_L",0.00010618797287631513,"101","101"
"x46_183","ENT_L -- PSTG_L",0.00010757922148273643,"101","101"
"x44_76","PHG_L -- Caud_L",0.00011096977514821919,"101","101"
"x52_76","MOG_L -- Caud_L",0.00011153467970808264,"101","101"
"x18_44","MFOG_L -- PHG_L",0.00011325866597540443,"101","101"
"x10_30","IFG_opercularis_L -- AG_L",0.00011332141223071249,"101","101"
"x30_74","AG_L -- Hippo_L",0.00011440741439530598,"101","101"
"x0_64","SFG_L -- subgenual_ACC_L",0.0001147604429871376,"101","101"
"x20_58","RG_L -- LG_L",0.00011527524914215933,"101","101"
"x54_60","IOG_L -- rostral_ACC_L",0.00011617755453641075,"101","101"
"x16_46","LFOG_L -- ENT_L",0.00011682121325974581,"101","101"
"x44_60","PHG_L -- rostral_ACC_L",0.00012180833882943061,"101","101"
"x72_181","Amyg_L -- PIns_L",0.0001252826950470395,"101","101"
"x20_44","RG_L -- PHG_L",0.0001303145714504043,"101","101"
"x18_185","MFOG_L -- PSMG_L",0.00013107717584771807,"101","101"
"x56_181","Cu_L -- PIns_L",0.00013274158714497285,"101","101"
"x36_60","STG_L_pole -- rostral_ACC_L",0.00013283314000910116,"101","101"
"x16_68","LFOG_L -- PCC_L",0.0001335286109876362,"101","101"
"x20_46","RG_L -- ENT_L",0.00013560305506965764,"101","101"
"x22_74","PoCG_L -- Hippo_L",0.0001410586298025151,"101","101"
"x14_22","IFG_triangularis_L -- PoCG_L",0.0001423258496825732,"101","101"
"x16_82","LFOG_L -- Thal_L",0.00014236432252455144,"101","101"
"x14_20","IFG_triangularis_L -- RG_L",0.0001474236113768589,"101","101"
"x12_54","IFG_orbitalis_L -- IOG_L",0.0001495722717342062,"101","101"
"x30_76","AG_L -- Caud_L",0.00015306068055157958,"101","101"
"x16_60","LFOG_L -- rostral_ACC_L",0.00015541024000108206,"101","101"
"x18_187","MFOG_L -- PSIG_L",0.0001578842562245148,"101","101"
"x14_32","IFG_triangularis_L -- PrCu_L",0.00015804640052117892,"101","101"
"x2_42","SFG_PFC_L -- ITG_L",0.00015879611851710984,"101","101"
"x12_30","IFG_orbitalis_L -- AG_L",0.00015887316059676006,"101","101"
"x60_185","rostral_ACC_L -- PSMG_L",0.00016407312473875574,"101","101"
"x18_32","MFOG_L -- PrCu_L",0.0001642906698232582,"101","101"
"x20_54","RG_L -- IOG_L",0.0001655136681341224,"101","101"
"x0_76","SFG_L -- Caud_L",0.0001655633341617391,"101","101"
"x16_32","LFOG_L -- PrCu_L",0.00016820468485058976,"101","101"
"x26_62","SPG_L -- subcallosal_ACC_L",0.00017491486321949708,"101","101"
"x2_30","SFG_PFC_L -- AG_L",0.00017983356022373742,"101","101"
"x44_181","PHG_L -- PIns_L",0.00018327417924191708,"101","101"
"x24_64","PrCG_L -- subgenual_ACC_L",0.00018350300106558494,"101","101"
"x18_56","MFOG_L -- Cu_L",0.00018780710861086283,"101","101"
"x16_24","LFOG_L -- PrCG_L",0.00019007036327479726,"101","101"
"x14_60","IFG_triangularis_L -- rostral_ACC_L",0.00019070177029527206,"101","101"
"x46_50","ENT_L -- SOG_L",0.0001917914769108609,"101","101"
"x46_54","ENT_L -- IOG_L",0.0001952258968987594,"101","101"
"x56_76","Cu_L -- Caud_L",0.00019561186786515474,"101","101"
"x74_80","Hippo_L -- GP_L",0.00019911782131326055,"101","101"
"x64_80","subgenual_ACC_L -- GP_L",0.00019963018457278082,"101","101"
"x20_30","RG_L -- AG_L",0.000200397154575753,"101","101"
"x10_60","IFG_opercularis_L -- rostral_ACC_L",0.0002015462341253051,"101","101"
"x32_70","PrCu_L -- Ins_L",0.000203003310542429,"101","101"
"x8_22","MFG_DPFC_L -- PoCG_L",0.000203815632719264,"101","101"
"x44_187","PHG_L -- PSIG_L",0.00020572852824012912,"101","101"
"x48_60","FuG_L -- rostral_ACC_L",0.00020675081415187207,"101","101"
"x8_54","MFG_DPFC_L -- IOG_L",0.00021222834336835872,"101","101"
"x12_22","IFG_orbitalis_L -- PoCG_L",0.00021321837275060232,"101","101"
"x52_60","MOG_L -- rostral_ACC_L",0.00021435086632185657,"101","101"
"x22_58","PoCG_L -- LG_L",0.00021485341133758401,"101","101"
"x12_183","IFG_orbitalis_L -- PSTG_L",0.00021919903781340516,"101","101"
"x30_70","AG_L -- Ins_L",0.0002199084981959669,"101","101"
"x10_56","IFG_opercularis_L -- Cu_L",0.0002220925211243581,"101","101"
"x30_44","AG_L -- PHG_L",0.000222487678345862,"101","101"
"x18_52","MFOG_L -- MOG_L",0.00022374541173389168,"101","101"
"x8_58","MFG_DPFC_L -- LG_L",0.00022602595340739853,"101","101"
"x32_46","PrCu_L -- ENT_L",0.00022754752231048884,"101","101"
"x26_64","SPG_L -- subgenual_ACC_L",0.00022843999691710566,"101","101"
"x0_70","SFG_L -- Ins_L",0.0002301162049891314,"101","101"
"x12_76","IFG_orbitalis_L -- Caud_L",0.0002338510983398725,"101","101"
"x16_30","LFOG_L -- AG_L",0.00023659340919470875,"101","101"
"x14_30","IFG_triangularis_L -- AG_L",0.00024375854244429785,"101","101"
"x16_34","LFOG_L -- STG_L",0.0002468528961292361,"101","101"
"x34_46","STG_L -- ENT_L",0.00025479543497625075,"101","101"
"x8_24","MFG_DPFC_L -- PrCG_L",0.00025528026538089535,"101","101"
"x24_187","PrCG_L -- PSIG_L",0.0002620637034129701,"101","101"
"x2_62","SFG_PFC_L -- subcallosal_ACC_L",0.0002723788530450929,"101","101"
"x10_58","IFG_opercularis_L -- LG_L",0.0002773314607462509,"101","101"
"x44_66","PHG_L -- dorsal_ACC_L",0.0002785683158089996,"101","101"
"x18_58","MFOG_L -- LG_L",0.0002889870915136939,"101","101"
"x10_16","IFG_opercularis_L -- LFOG_L",0.00029754611246374994,"101","101"
"x56_60","Cu_L -- rostral_ACC_L",0.00030016741455341753,"101","101"
"x2_44","SFG_PFC_L -- PHG_L",0.0003030345535150302,"101","101"
"x80_185","GP_L -- PSMG_L",0.00030809876191541144,"101","101"
"x46_52","ENT_L -- MOG_L",0.0003093583441872873,"101","101"
"x46_56","ENT_L -- Cu_L",0.0003103017461934257,"101","101"
"x56_80","Cu_L -- GP_L",0.00031313421755068224,"101","101"
"x20_32","RG_L -- PrCu_L",0.0003147505485312104,"101","101"
"x40_183","MTG_L_pole -- PSTG_L",0.0003167110194316331,"101","101"
"x18_82","MFOG_L -- Thal_L",0.00031830840991766134,"101","101"
"x2_4","SFG_PFC_L -- SFG_pole_L",0.00031947818767441046,"101","101"
"x68_74","PCC_L -- Hippo_L",0.00032124536227849833,"101","101"
"x2_64","SFG_PFC_L -- subgenual_ACC_L",0.00032953778276232146,"101","101"
"x0_62","SFG_L -- subcallosal_ACC_L",0.000331546304547704,"101","101"
"x30_181","AG_L -- PIns_L",0.00033181891022861926,"101","101"
"x18_54","MFOG_L -- IOG_L",0.0003342101987802493,"101","101"
"x8_56","MFG_DPFC_L -- Cu_L",0.00034484220636195724,"101","101"
"x24_52","PrCG_L -- MOG_L",0.0003450673738922339,"101","101"
"x46_68","ENT_L -- PCC_L",0.0003469190006047264,"101","101"
"x2_187","SFG_PFC_L -- PSIG_L",0.0003617528896884334,"101","101"
"x10_52","IFG_opercularis_L -- MOG_L",0.0003736725345290052,"101","101"
"x10_54","IFG_opercularis_L -- IOG_L",0.0003798295914665897,"101","101"
"x16_183","LFOG_L -- PSTG_L",0.00038227269903989787,"101","101"
"x16_66","LFOG_L -- dorsal_ACC_L",0.0003875769614884459,"101","101"
"x16_64","LFOG_L -- subgenual_ACC_L",0.00039289070388381713,"101","101"
"x8_52","MFG_DPFC_L -- MOG_L",0.0003987884646893048,"101","101"
"x66_80","dorsal_ACC_L -- GP_L",0.0004182376101622581,"101","101"
"x18_48","MFOG_L -- FuG_L",0.0004192469363966626,"101","101"
"x20_24","RG_L -- PrCG_L",0.00041961932886569583,"101","101"
"x16_44","LFOG_L -- PHG_L",0.00042101148099470506,"101","101"
"x38_181","MTG_L -- PIns_L",0.00042441177156701544,"101","101"
"x30_36","AG_L -- STG_L_pole",0.0004245670251475078,"101","101"
"x74_187","Hippo_L -- PSIG_L",0.00042479110533131284,"101","101"
"x6_60","MFG_L -- rostral_ACC_L",0.00042798248445979507,"101","101"
"x2_56","SFG_PFC_L -- Cu_L",0.00043905986354255837,"101","101"
"x30_72","AG_L -- Amyg_L",0.0004540936731150802,"101","101"
"x44_70","PHG_L -- Ins_L",0.00046561608196275356,"101","101"
"x38_46","MTG_L -- ENT_L",0.0004743234424075331,"101","101"
"x10_48","IFG_opercularis_L -- FuG_L",0.00047621073544938837,"101","101"
"x20_185","RG_L -- PSMG_L",0.0004858795792747413,"101","101"
"x18_68","MFOG_L -- PCC_L",0.0004869097055127643,"101","101"
"x66_181","dorsal_ACC_L -- PIns_L",0.0004998346843631719,"101","101"
"x56_74","Cu_L -- Hippo_L",0.0005013170829239791,"101","101"
"x6_70","MFG_L -- Ins_L",0.0005021171427432449,"101","101"
"x14_183","IFG_triangularis_L -- PSTG_L",0.0005101376101334811,"101","101"
"x12_66","IFG_orbitalis_L -- dorsal_ACC_L",0.0005126190169922191,"101","101"
"x32_62","PrCu_L -- subcallosal_ACC_L",0.000528494917434887,"101","101"
"x16_187","LFOG_L -- PSIG_L",0.0005329932958701897,"101","101"
"x70_183","Ins_L -- PSTG_L",0.0005476842458043263,"101","101"
"x32_76","PrCu_L -- Caud_L",0.0005591699184512292,"101","101"
"x22_60","PoCG_L -- rostral_ACC_L",0.0005643302355508112,"101","101"
"x2_40","SFG_PFC_L -- MTG_L_pole",0.000573497958546367,"101","101"
"x70_187","Ins_L -- PSIG_L",0.0005754588560491577,"101","101"
"x44_54","PHG_L -- IOG_L",0.0005822920310104891,"101","101"
"x2_22","SFG_PFC_L -- PoCG_L",0.0005825241601731121,"101","101"
"x2_36","SFG_PFC_L -- STG_L_pole",0.0005942226547296847,"101","101"
"x20_187","RG_L -- PSIG_L",0.0005966316331102008,"101","101"
"x26_58","SPG_L -- LG_L",0.0006014909952817377,"101","101"
"x8_10","MFG_DPFC_L -- IFG_opercularis_L",0.000622963640106312,"101","101"
"x34_185","STG_L -- PSMG_L",0.000646071670505103,"101","101"
"x2_185","SFG_PFC_L -- PSMG_L",0.0006512684924287582,"101","101"
"x12_18","IFG_orbitalis_L -- MFOG_L",0.0006529195543338331,"101","101"
"x26_181","SPG_L -- PIns_L",0.0006574905650270749,"101","101"
"x34_76","STG_L -- Caud_L",0.0006712679494270823,"101","101"
"x50_66","SOG_L -- dorsal_ACC_L",0.000676045685239356,"101","101"
"x32_72","PrCu_L -- Amyg_L",0.0006971440331524175,"101","101"
"x20_68","RG_L -- PCC_L",0.0007050125886992909,"101","101"
"x16_56","LFOG_L -- Cu_L",0.0007129616586052178,"101","101"
"x32_64","PrCu_L -- subgenual_ACC_L",0.0007212068229481594,"101","101"
"x16_42","LFOG_L -- ITG_L",0.0007231812641489872,"101","101"
"x14_56","IFG_triangularis_L -- Cu_L",0.0007324798888517899,"101","101"
"x4_82","SFG_pole_L -- Thal_L",0.0007403946276276469,"101","101"
"x60_82","rostral_ACC_L -- Thal_L",0.0007500640318626281,"101","101"
"x8_48","MFG_DPFC_L -- FuG_L",0.0007604227512109339,"101","101"
"x32_80","PrCu_L -- GP_L",0.0007774515840001903,"101","101"
"x60_78","rostral_ACC_L -- Put_L",0.0007888514680956275,"101","101"
"x52_72","MOG_L -- Amyg_L",0.0007945648885383988,"101","101"
"x14_16","IFG_triangularis_L -- LFOG_L",0.0007961762040328637,"101","101"
"x66_78","dorsal_ACC_L -- Put_L",0.0008065590345107239,"101","101"
"x58_60","LG_L -- rostral_ACC_L",0.0008203348838370382,"101","101"
"x2_54","SFG_PFC_L -- IOG_L",0.000822123912091402,"101","101"
"x60_64","rostral_ACC_L -- subgenual_ACC_L",0.0008398973725855383,"101","101"
"x2_34","SFG_PFC_L -- STG_L",0.0008437531407038518,"101","101"
"x30_34","AG_L -- STG_L",0.0008538471328229166,"101","101"
"x70_185","Ins_L -- PSMG_L",0.0008829145308531614,"101","101"
"x16_38","LFOG_L -- MTG_L",0.0009263929495974295,"101","101"
"x24_62","PrCG_L -- subcallosal_ACC_L",0.0009309597168795805,"101","101"
"x54_181","IOG_L -- PIns_L",0.0009363530913126335,"101","101"
"x30_80","AG_L -- GP_L",0.0009452236538030085,"101","101"
"x2_52","SFG_PFC_L -- MOG_L",0.0009486459609138751,"101","101"
"x2_18","SFG_PFC_L -- MFOG_L",0.0009531030117731228,"101","101"
"x20_48","RG_L -- FuG_L",0.0010579587252240448,"101","101"
"x2_38","SFG_PFC_L -- MTG_L",0.0010641466643233036,"101","101"
"x44_52","PHG_L -- MOG_L",0.001082378980501978,"101","101"
"x40_44","MTG_L_pole -- PHG_L",0.0011069991126660707,"101","101"
"x14_66","IFG_triangularis_L -- dorsal_ACC_L",0.0011553718664252606,"101","101"
"x18_60","MFOG_L -- rostral_ACC_L",0.0011641981116195328,"101","101"
"x20_60","RG_L -- rostral_ACC_L",0.0012071368474329978,"101","101"
"x14_54","IFG_triangularis_L -- IOG_L",0.0012432915026040472,"101","101"
"x52_74","MOG_L -- Hippo_L",0.0012471101447352978,"101","101"
"x18_66","MFOG_L -- dorsal_ACC_L",0.001259609669694933,"101","101"
"x10_82","IFG_opercularis_L -- Thal_L",0.0012601592648695589,"101","101"
"x70_80","Ins_L -- GP_L",0.0013116080803757565,"101","101"
"x4_78","SFG_pole_L -- Put_L",0.0013139801369972187,"101","101"
"x36_183","STG_L_pole -- PSTG_L",0.001315323844558226,"101","101"
"x2_24","SFG_PFC_L -- PrCG_L",0.0013203406245886119,"101","101"
"x68_76","PCC_L -- Caud_L",0.0013269007604292376,"101","101"
"x60_80","rostral_ACC_L -- GP_L",0.001354782536737965,"101","101"
"x2_32","SFG_PFC_L -- PrCu_L",0.001380356155450933,"101","101"
"x22_52","PoCG_L -- MOG_L",0.0013864673353563648,"101","101"
"x68_78","PCC_L -- Put_L",0.001397011893457515,"101","101"
"x78_187","Put_L -- PSIG_L",0.00141900779177372,"101","101"
"x56_66","Cu_L -- dorsal_ACC_L",0.0014192979339229994,"101","101"
"x26_32","SPG_L -- PrCu_L",0.0014627099797458333,"101","101"
"x10_80","IFG_opercularis_L -- GP_L",0.001523795229958725,"101","101"
"x44_68","PHG_L -- PCC_L",0.001555596431685437,"101","101"
"x58_72","LG_L -- Amyg_L",0.0015662172868351478,"101","101"
"x34_181","STG_L -- PIns_L",0.0016069026550508177,"101","101"
"x32_74","PrCu_L -- Hippo_L",0.0016092326646776644,"101","101"
"x30_48","AG_L -- FuG_L",0.0016232847296066089,"101","101"
"x30_58","AG_L -- LG_L",0.0016253246173959077,"101","101"
"x4_80","SFG_pole_L -- GP_L",0.0016745833794442322,"101","101"
"x56_70","Cu_L -- Ins_L",0.0016884174583116918,"101","101"
"x18_42","MFOG_L -- ITG_L",0.0017482768132644673,"101","101"
"x12_48","IFG_orbitalis_L -- FuG_L",0.0018304802325687201,"101","101"
"x50_74","SOG_L -- Hippo_L",0.0018376478366524812,"101","101"
"x10_66","IFG_opercularis_L -- dorsal_ACC_L",0.0018784031521502107,"101","101"
"x2_48","SFG_PFC_L -- FuG_L",0.0018989560847604524,"101","101"
"x42_76","ITG_L -- Caud_L",0.0019517803462606117,"101","101"
"x16_52","LFOG_L -- MOG_L",0.0019862227480594965,"101","101"
"x2_58","SFG_PFC_L -- LG_L",0.0020476763945537426,"101","101"
"x14_52","IFG_triangularis_L -- MOG_L",0.002051575156853613,"101","101"
"x40_78","MTG_L_pole -- Put_L",0.002053428494963876,"101","101"
"x78_80","Put_L -- GP_L",0.0020599586185373873,"101","101"
"x60_76","rostral_ACC_L -- Caud_L",0.002107636686907515,"101","101"
"x82_181","Thal_L -- PIns_L",0.0021188954418521113,"101","101"
"x22_50","PoCG_L -- SOG_L",0.0021213667298368238,"101","101"
"x36_56","STG_L_pole -- Cu_L",0.0021434029348125516,"101","101"
"x64_68","subgenual_ACC_L -- PCC_L",0.0021760381296362812,"101","101"
"x36_52","STG_L_pole -- MOG_L",0.002293580958677151,"101","101"
"x14_82","IFG_triangularis_L -- Thal_L",0.0023021147466461074,"101","101"
"x38_58","MTG_L -- LG_L",0.0024055145797294967,"101","101"
"x62_68","subcallosal_ACC_L -- PCC_L",0.0024129723437988663,"101","101"
"x16_185","LFOG_L -- PSMG_L",0.002415370138336841,"101","101"
"x48_72","FuG_L -- Amyg_L",0.0024741146256565707,"101","101"
"x8_82","MFG_DPFC_L -- Thal_L",0.0026339741220507296,"101","101"
"x48_181","FuG_L -- PIns_L",0.002634455892938443,"101","101"
"x30_56","AG_L -- Cu_L",0.00264806624931637,"101","101"
"x48_68","FuG_L -- PCC_L",0.0027950202496654698,"101","101"
"x46_58","ENT_L -- LG_L",0.002831701951586714,"101","101"
"x16_54","LFOG_L -- IOG_L",0.0028365891443011665,"101","101"
"x30_42","AG_L -- ITG_L",0.0028771468854726953,"101","101"
"x10_70","IFG_opercularis_L -- Ins_L",0.002881649850077253,"101","101"
"x20_42","RG_L -- ITG_L",0.0028879143847515116,"101","101"
"x36_72","STG_L_pole -- Amyg_L",0.002911425059438493,"101","101"
"x20_66","RG_L -- dorsal_ACC_L",0.0029699222706557867,"101","101"
"x26_28","SPG_L -- SMG_L",0.0030219693934146843,"101","101"
"x36_70","STG_L_pole -- Ins_L",0.0030306186839327517,"101","101"
"x50_58","SOG_L -- LG_L",0.0030447328539041246,"101","101"
"x8_70","MFG_DPFC_L -- Ins_L",0.003072791543403706,"101","101"
"x10_12","IFG_opercularis_L -- IFG_orbitalis_L",0.003139236985361691,"101","101"
"x56_72","Cu_L -- Amyg_L",0.0031540428981142194,"101","101"
"x18_76","MFOG_L -- Caud_L",0.0032367007300470375,"101","101"
"x54_70","IOG_L -- Ins_L",0.003368839638699889,"101","101"
"x32_78","PrCu_L -- Put_L",0.003377724654318303,"101","101"
"x14_48","IFG_triangularis_L -- FuG_L",0.003690426732693212,"101","101"
"x76_78","Caud_L -- Put_L",0.0037027168488369872,"101","101"
"x0_12","SFG_L -- IFG_orbitalis_L",0.003960456872830916,"101","101"
"x44_56","PHG_L -- Cu_L",0.003969694304574755,"101","101"
"x58_70","LG_L -- Ins_L",0.004037162765612724,"101","101"
"x52_70","MOG_L -- Ins_L",0.004129054474849907,"101","101"
"x62_76","subcallosal_ACC_L -- Caud_L",0.00415827009678049,"101","101"
"x2_68","SFG_PFC_L -- PCC_L",0.0042554730782873315,"101","101"
"x38_44","MTG_L -- PHG_L",0.004367349728188426,"101","101"
"x16_76","LFOG_L -- Caud_L",0.004442412063609385,"101","101"
"x30_185","AG_L -- PSMG_L",0.004442694918737714,"101","101"
"x40_56","MTG_L_pole -- Cu_L",0.004506144452822574,"101","101"
"x18_78","MFOG_L -- Put_L",0.004522155662233096,"101","101"
"x40_185","MTG_L_pole -- PSMG_L",0.004544090053813156,"101","101"
"x30_40","AG_L -- MTG_L_pole",0.004582430220812307,"101","101"
"x54_78","IOG_L -- Put_L",0.004590751301308407,"101","101"
"x16_58","LFOG_L -- LG_L",0.004602741867070679,"101","101"
"x22_24","PoCG_L -- PrCG_L",0.004622028333836536,"101","101"
"x78_185","Put_L -- PSMG_L",0.004639859369427152,"101","101"
"x62_66","subcallosal_ACC_L -- dorsal_ACC_L",0.004700835239789861,"101","101"
"x22_28","PoCG_L -- SMG_L",0.004900408740457762,"101","101"
"x60_62","rostral_ACC_L -- subcallosal_ACC_L",0.00491029972789046,"101","101"
"x8_80","MFG_DPFC_L -- GP_L",0.005028024276187493,"101","101"
"x64_66","subgenual_ACC_L -- dorsal_ACC_L",0.005104491444916286,"101","101"
"x30_50","AG_L -- SOG_L",0.0051425861405744065,"101","101"
"x30_78","AG_L -- Put_L",0.005270642905738683,"101","101"
"x32_60","PrCu_L -- rostral_ACC_L",0.005351793536502364,"101","101"
"x8_66","MFG_DPFC_L -- dorsal_ACC_L",0.005367778227700053,"101","101"
"x70_181","Ins_L -- PIns_L",0.005466413387833903,"101","101"
"x20_64","RG_L -- subgenual_ACC_L",0.0055484258325037925,"101","101"
"x16_48","LFOG_L -- FuG_L",0.005679091672144711,"101","101"
"x20_62","RG_L -- subcallosal_ACC_L",0.005820492164175256,"101","101"
"x30_82","AG_L -- Thal_L",0.006013623477734521,"101","101"
"x28_52","SMG_L -- MOG_L",0.006311253888121161,"101","101"
"x36_48","STG_L_pole -- FuG_L",0.0063383430897508645,"101","101"
"x44_74","PHG_L -- Hippo_L",0.006356765001130613,"101","101"
"x36_181","STG_L_pole -- PIns_L",0.006633796818303318,"101","101"
"x8_78","MFG_DPFC_L -- Put_L",0.006852672498028067,"101","101"
"x22_32","PoCG_L -- PrCu_L",0.00690084266478061,"101","101"
"x48_70","FuG_L -- Ins_L",0.007104873308641104,"101","101"
"x0_60","SFG_L -- rostral_ACC_L",0.00728966673443496,"101","101"
"x34_78","STG_L -- Put_L",0.007422146749986793,"101","101"
"x38_42","MTG_L -- ITG_L",0.007431259805029248,"101","101"
"x10_78","IFG_opercularis_L -- Put_L",0.007813557825300303,"101","101"
"x64_76","subgenual_ACC_L -- Caud_L",0.00796709689624938,"101","101"
"x34_52","STG_L -- MOG_L",0.00805152123233435,"101","101"
"x14_80","IFG_triangularis_L -- GP_L",0.008214341449736894,"101","101"
"x52_78","MOG_L -- Put_L",0.008317147086836896,"101","101"
"x44_72","PHG_L -- Amyg_L",0.008417634349580825,"101","101"
"x32_44","PrCu_L -- PHG_L",0.008440053002229506,"101","101"
"x42_44","ITG_L -- PHG_L",0.008487310076115723,"101","101"
"x2_16","SFG_PFC_L -- LFOG_L",0.00851531591290161,"101","101"
"x66_76","dorsal_ACC_L -- Caud_L",0.008642018983064065,"101","101"
"x56_78","Cu_L -- Put_L",0.008685146990608704,"101","101"
"x44_50","PHG_L -- SOG_L",0.008924810675387326,"101","101"
"x38_78","MTG_L -- Put_L",0.008963770915067984,"101","101"
"x30_187","AG_L -- PSIG_L",0.009011743739442486,"101","101"
"x40_48","MTG_L_pole -- FuG_L",0.00935232355261017,"101","101"
"x12_82","IFG_orbitalis_L -- Thal_L",0.00937675149893359,"101","101"
"x2_82","SFG_PFC_L -- Thal_L",0.009875067779446012,"101","101"
"x32_58","PrCu_L -- LG_L",0.010082163123902121,"101","101"
"x46_48","ENT_L -- FuG_L",0.010153746459401945,"101","101"
"x52_54","MOG_L -- IOG_L",0.010208350231483825,"101","101"
"x58_78","LG_L -- Put_L",0.010658946367035045,"101","101"
"x24_60","PrCG_L -- rostral_ACC_L",0.010794974817758663,"101","101"
"x24_68","PrCG_L -- PCC_L",0.0108171437869728,"101","101"
"x24_32","PrCG_L -- PrCu_L",0.010841009346970368,"101","101"
"x54_56","IOG_L -- Cu_L",0.01084377392904485,"101","101"
"x48_78","FuG_L -- Put_L",0.011147881076647393,"101","101"
"x36_44","STG_L_pole -- PHG_L",0.011156873551610111,"101","101"
"x56_183","Cu_L -- PSTG_L",0.011167734734794859,"101","101"
"x2_6","SFG_PFC_L -- MFG_L",0.011318299907648799,"101","101"
"x0_20","SFG_L -- RG_L",0.011366291277280645,"101","101"
"x2_80","SFG_PFC_L -- GP_L",0.01167337833273632,"101","101"
"x2_12","SFG_PFC_L -- IFG_orbitalis_L",0.012184058975673522,"101","101"
"x82_183","Thal_L -- PSTG_L",0.012264533997690528,"101","101"
"x62_64","subcallosal_ACC_L -- subgenual_ACC_L",0.012680507330820196,"101","101"
"x58_187","LG_L -- PSIG_L",0.013116366965466536,"101","101"
"x2_8","SFG_PFC_L -- MFG_DPFC_L",0.01326225231856787,"101","101"
"x48_54","FuG_L -- IOG_L",0.013417287738891583,"101","101"
"x38_56","MTG_L -- Cu_L",0.01398464349269679,"101","101"
"x22_181","PoCG_L -- PIns_L",0.014066939108745893,"101","101"
"x2_60","SFG_PFC_L -- rostral_ACC_L",0.01436753363902224,"101","101"
"x46_74","ENT_L -- Hippo_L",0.014473391881462077,"101","101"
"x44_46","PHG_L -- ENT_L",0.014580609687404631,"101","101"
"x42_78","ITG_L -- Put_L",0.014827507623701996,"101","101"
"x58_66","LG_L -- dorsal_ACC_L",0.015027545271501536,"101","101"
"x14_70","IFG_triangularis_L -- Ins_L",0.015419877969449287,"101","101"
"x66_82","dorsal_ACC_L -- Thal_L",0.01776290858571122,"101","101"
"x26_30","SPG_L -- AG_L",0.01776444091084302,"101","101"
"x48_52","FuG_L -- MOG_L",0.018938155849641102,"101","101"
"x10_14","IFG_opercularis_L -- IFG_triangularis_L",0.01911402466703321,"101","101"
"x16_18","LFOG_L -- MFOG_L",0.019219708878528113,"101","101"
"x12_16","IFG_orbitalis_L -- LFOG_L",0.019696087696386762,"101","101"
"x26_82","SPG_L -- Thal_L",0.020004856178775395,"101","101"
"x0_14","SFG_L -- IFG_triangularis_L",0.02017329981185076,"101","101"
"x38_52","MTG_L -- MOG_L",0.02019863145179046,"101","101"
"x30_68","AG_L -- PCC_L",0.020377583051151275,"101","101"
"x52_68","MOG_L -- PCC_L",0.020715176607332655,"101","101"
"x42_74","ITG_L -- Hippo_L",0.020888544836789653,"101","101"
"x30_32","AG_L -- PrCu_L",0.021291508497278063,"101","101"
"x0_10","SFG_L -- IFG_opercularis_L",0.02187189952232314,"101","101"
"x16_20","LFOG_L -- RG_L",0.02260247733258198,"101","101"
"x32_66","PrCu_L -- dorsal_ACC_L",0.023468780900338385,"101","101"
"x74_82","Hippo_L -- Thal_L",0.024476108974325582,"101","101"
"x44_58","PHG_L -- LG_L",0.024534915344070457,"101","101"
"x48_56","FuG_L -- Cu_L",0.02505057127187274,"101","101"
"x34_54","STG_L -- IOG_L",0.025068743611229263,"101","101"
"x22_26","PoCG_L -- SPG_L",0.025198860126405948,"101","101"
"x60_68","rostral_ACC_L -- PCC_L",0.02813511253716089,"101","101"
"x6_10","MFG_L -- IFG_opercularis_L",0.02886354200165651,"101","101"
"x16_78","LFOG_L -- Put_L",0.029917660403803392,"101","101"
"x54_185","IOG_L -- PSMG_L",0.030862633638633234,"101","101"
"x8_12","MFG_DPFC_L -- IFG_orbitalis_L",0.030974484257440663,"101","101"
"x60_66","rostral_ACC_L -- dorsal_ACC_L",0.0313117317725594,"101","101"
"x48_58","FuG_L -- LG_L",0.031312554198949745,"101","101"
"x18_20","MFOG_L -- RG_L",0.03149403420166475,"101","101"
"x0_66","SFG_L -- dorsal_ACC_L",0.03189184540463182,"101","101"
"x2_66","SFG_PFC_L -- dorsal_ACC_L",0.032911946033978345,"101","101"
"x12_80","IFG_orbitalis_L -- GP_L",0.033147809863570354,"101","101"
"x6_12","MFG_L -- IFG_orbitalis_L",0.033228284558657964,"101","101"
"x56_68","Cu_L -- PCC_L",0.03456059927944056,"101","101"
"x16_70","LFOG_L -- Ins_L",0.03533012065947732,"101","101"
"x22_66","PoCG_L -- dorsal_ACC_L",0.036809338344271324,"101","101"
"x34_48","STG_L -- FuG_L",0.03729450795095875,"101","101"
"x42_56","ITG_L -- Cu_L",0.037574001147229814,"101","101"
"x12_70","IFG_orbitalis_L -- Ins_L",0.037627944454022975,"101","101"
"x30_38","AG_L -- MTG_L",0.03844476921708439,"101","101"
"x48_187","FuG_L -- PSIG_L",0.039257142136938254,"101","101"
"x38_187","MTG_L -- PSIG_L",0.03989174425259181,"101","101"
"x0_8","SFG_L -- MFG_DPFC_L",0.04147527297575989,"101","101"
"x38_40","MTG_L -- MTG_L_pole",0.04149817649000097,"101","101"
"x8_14","MFG_DPFC_L -- IFG_triangularis_L",0.042919610376518376,"101","101"
"x26_68","SPG_L -- PCC_L",0.043196778446474904,"101","101"
"x56_185","Cu_L -- PSMG_L",0.04609685622948866,"101","101"
"x34_38","STG_L -- MTG_L",0.050328059488443024,"101","101"
"x44_48","PHG_L -- FuG_L",0.0506120079617506,"101","101"
"x38_54","MTG_L -- IOG_L",0.05100463858506268,"101","101"
"x2_20","SFG_PFC_L -- RG_L",0.05196378129120535,"101","101"
"x50_68","SOG_L -- PCC_L",0.053160984824946765,"101","101"
"x52_58","MOG_L -- LG_L",0.05872444115771555,"101","101"
"x70_78","Ins_L -- Put_L",0.05979968039037063,"101","101"
"x2_78","SFG_PFC_L -- Put_L",0.06035618880176378,"101","101"
"x42_187","ITG_L -- PSIG_L",0.06074698514886336,"101","101"
"x42_48","ITG_L -- FuG_L",0.06396629375484389,"101","101"
"x50_52","SOG_L -- MOG_L",0.06409002031906756,"101","101"
"x14_78","IFG_triangularis_L -- Put_L",0.06714398940880101,"101","101"
"x52_56","MOG_L -- Cu_L",0.07162062418887175,"101","101"
"x6_8","MFG_L -- MFG_DPFC_L",0.07187019243218785,"101","101"
"x32_56","PrCu_L -- Cu_L",0.07501195647841119,"101","101"
"x38_48","MTG_L -- FuG_L",0.07769774118288056,"101","101"
"x58_68","LG_L -- PCC_L",0.07957295519723478,"101","101"
"x12_14","IFG_orbitalis_L -- IFG_triangularis_L",0.08253524509633829,"101","101"
"x50_56","SOG_L -- Cu_L",0.09465163836206877,"101","101"
"x12_78","IFG_orbitalis_L -- Put_L",0.09750100664816032,"101","101"
"x54_187","IOG_L -- PSIG_L",0.09778960769758122,"101","101"
"x6_14","MFG_L -- IFG_triangularis_L",0.10030258397106204,"101","101"
"x0_2","SFG_L -- SFG_PFC_L",0.11361991330199958,"101","101"
"x56_58","Cu_L -- LG_L",0.1410077291405669,"101","101"
"x58_185","LG_L -- PSMG_L",0.1483628712790772,"101","101"
"x32_68","PrCu_L -- PCC_L",0.1629750645343027,"101","101"
"x32_50","PrCu_L -- SOG_L",0.17602785976043467,"101","101"
"x38_185","MTG_L -- PSMG_L",0.17712140104331314,"101","101"
"x22_82","PoCG_L -- Thal_L",0.1840995832570007,"101","101"
"x66_68","dorsal_ACC_L -- PCC_L",0.370671122259578,"82","101"
